{"time_stamp":1554133047107,"model":"qccwdh","location":[84.52205663332568,-78.68459240260128],"sensor_value":219,"sensor_type":2,"objectid":"9kv5444a-687r-6057-1or4-4192oe699kym"}
{"time_stamp":1554133345210,"model":"yuiaqv","location":[-70.41684953995178,-23.99050153297446],"sensor_value":209,"sensor_type":10,"objectid":"8ix5972a-840e-4182-1xk4-9809gp317npo"}
{"time_stamp":1554133379215,"model":"zlvizu","location":[-71.81060338337585,-87.31237027436869],"sensor_value":411,"sensor_type":7,"objectid":"5pn1693z-681t-7260-4ah1-9215bb378fsu"}
{"time_stamp":1554133494239,"model":"owifyu","location":[-149.96947924206265,-17.341187028437272],"sensor_value":712,"sensor_type":9,"objectid":"4iz4115g-988c-7250-9de9-7538by956sul"}
{"time_stamp":1554133532245,"model":"kzzzdk","location":[-128.75538594198383,-48.98503876361003],"sensor_value":678,"sensor_type":1,"objectid":"7ej6501s-156g-2595-1sk4-4712sr872ims"}
{"time_stamp":1554133780305,"model":"tqecow","location":[87.98647679059737,-61.11448706623743],"sensor_value":509,"sensor_type":1,"objectid":"3ir1367j-634i-5737-8ua4-9680ly375lnd"}
{"time_stamp":1554133793311,"model":"iitrho","location":[-169.14671025270857,69.41408183866197],"sensor_value":627,"sensor_type":8,"objectid":"2jv5846f-603p-6101-5jy3-9472xj445ecu"}
{"time_stamp":1554133002085,"model":"weslxn","location":[-130.5178935816338,-24.65006268880908],"sensor_value":570,"sensor_type":2,"objectid":"1jy1938j-210g-1196-8da7-3859eq901qup"}
{"time_stamp":1554133279182,"model":"nfhtxh","location":[-99.65073075003735,-84.01056980973358],"sensor_value":318,"sensor_type":10,"objectid":"7rv2634g-390h-3428-5on1-7661il423tls"}
{"time_stamp":1554133281185,"model":"mxolnm","location":[-20.647555248764657,39.10729100169724],"sensor_value":304,"sensor_type":5,"objectid":"4eh1195b-831f-3862-1is1-7074cd151lxg"}
{"time_stamp":1554133300190,"model":"jbbvjx","location":[2.3200215614873265,-21.350206248544545],"sensor_value":700,"sensor_type":5,"objectid":"6kp5531g-386e-6451-8hb5-9740dk205blz"}
{"time_stamp":1554133204166,"model":"dkmeon","location":[-131.04201977885046,4.4232566448650985],"sensor_value":526,"sensor_type":6,"objectid":"6bl8146p-773h-4335-5xb1-9121jc257rht"}
{"time_stamp":1554133216169,"model":"zxzwyq","location":[97.68110260376672,-79.34918852497779],"sensor_value":263,"sensor_type":8,"objectid":"3uo9704t-498b-7628-8ot5-7103tt965raq"}
{"time_stamp":1554133241175,"model":"auhxwo","location":[-111.10770175430561,53.86662052964546],"sensor_value":225,"sensor_type":7,"objectid":"4qe7339i-706u-7559-3up2-6179xj326fxf"}
{"time_stamp":1554133589258,"model":"dkgdqy","location":[167.91793556396084,-6.208332731902793],"sensor_value":724,"sensor_type":6,"objectid":"5hs2641i-653m-9371-7fs8-5154zu923wez"}
{"time_stamp":1554133777303,"model":"bluwdl","location":[-125.59803104793421,23.776794561478898],"sensor_value":775,"sensor_type":4,"objectid":"8il1331w-544w-7096-2sb7-5478or572jje"}
{"time_stamp":1554133918345,"model":"pzsqxh","location":[-2.5711228778674577,-50.58657226805209],"sensor_value":668,"sensor_type":8,"objectid":"6gv4321i-554m-2169-7up7-9521tm930lzo"}
{"time_stamp":1554133329202,"model":"wtnaye","location":[133.02971119283598,9.81761010904349],"sensor_value":686,"sensor_type":3,"objectid":"8ft3720i-891l-6467-9xy3-7167hf461rbk"}
{"time_stamp":1554133384219,"model":"kjhzqk","location":[-176.82444646017495,-23.44314690387077],"sensor_value":744,"sensor_type":2,"objectid":"7qh8212p-535y-7087-2sk3-4953bh635bhp"}
{"time_stamp":1554133444228,"model":"zpktir","location":[132.43867037861344,19.92997738340755],"sensor_value":258,"sensor_type":5,"objectid":"8me6533m-194u-5198-7bx7-3470jh792nsy"}
{"time_stamp":1554133554250,"model":"ghhwgm","location":[-72.85614777415726,37.00930216879601],"sensor_value":184,"sensor_type":3,"objectid":"5dm9113l-447c-5826-1tu9-1669id379mwv"}
{"time_stamp":1554133727299,"model":"gxyfot","location":[-99.82153960019596,-40.88256498802317],"sensor_value":316,"sensor_type":10,"objectid":"1kl1787m-497g-6296-6zb7-3306em753rnw"}
{"time_stamp":1554133812312,"model":"olxsza","location":[123.35270065970764,23.94651743058552],"sensor_value":148,"sensor_type":4,"objectid":"6fh2560t-396y-4913-9gt2-7816wo691llz"}
{"time_stamp":1554133694286,"model":"tkmjxz","location":[3.1525366780461894,32.93173838534757],"sensor_value":559,"sensor_type":2,"objectid":"7fp6554d-442p-7427-3gm4-8755fp707qet"}
{"time_stamp":1554133043103,"model":"tqszea","location":[-157.50772596473973,61.51754426553421],"sensor_value":690,"sensor_type":6,"objectid":"5zr5342z-702q-3606-9jd5-9622vs311ezz"}
{"time_stamp":1554133122130,"model":"sawwec","location":[-162.91252861821596,52.17165291770846],"sensor_value":471,"sensor_type":4,"objectid":"7li7040f-618z-5882-7qm3-4918gt771mfq"}
{"time_stamp":1554133164147,"model":"ifvqzx","location":[3.806380909284748,-35.58431935232541],"sensor_value":773,"sensor_type":1,"objectid":"7ip9443b-831s-1704-3rm4-9549bh331gqt"}
{"time_stamp":1554133466233,"model":"wfaekt","location":[-168.18630929083568,80.75866804291854],"sensor_value":359,"sensor_type":5,"objectid":"1me6630n-996w-5050-7ez2-3697ir489frq"}
{"time_stamp":1554133527241,"model":"ovbxja","location":[-132.58953278069336,-77.06403471593299],"sensor_value":545,"sensor_type":3,"objectid":"5wj5944z-241c-2569-2hq5-6321ll132jwx"}
{"time_stamp":1554133827312,"model":"optmph","location":[-164.85706798480035,-78.71391615737804],"sensor_value":304,"sensor_type":7,"objectid":"8pu7910s-142n-7786-2mp1-9308ac868xlp"}
{"time_stamp":1554133956352,"model":"hglztz","location":[27.01461007629568,-47.540640645100424],"sensor_value":107,"sensor_type":10,"objectid":"8ym3429v-233m-8228-2oq5-5932ny749tgs"}
{"time_stamp":1554133143136,"model":"vwxswg","location":[18.723578893058807,-1.6788013989325168],"sensor_value":753,"sensor_type":3,"objectid":"1qz7306q-376k-1547-4de6-5616qx316gwe"}
{"time_stamp":1554133179151,"model":"xsrdvz","location":[110.21844032531557,84.00716609959287],"sensor_value":428,"sensor_type":9,"objectid":"5vq6599p-182y-1302-3vm2-3662ay533qhu"}
{"time_stamp":1554133294188,"model":"dythev","location":[-111.24088251089059,-44.2375688314999],"sensor_value":596,"sensor_type":5,"objectid":"9fh7544q-178h-8840-9zy4-9515fo724hgt"}
{"time_stamp":1554133933347,"model":"gpzlde","location":[-90.21008792672136,32.88637590575934],"sensor_value":575,"sensor_type":7,"objectid":"6jg3705i-508f-5626-2fh5-8987dp910zel"}
{"time_stamp":1554133318202,"model":"trbtbp","location":[-33.29971080009754,51.380685871124605],"sensor_value":173,"sensor_type":3,"objectid":"5hy9349z-939r-5337-1uv2-5096dj449asw"}
{"time_stamp":1554133546250,"model":"wvjgmt","location":[-94.66812065651055,-22.225786259665433],"sensor_value":415,"sensor_type":7,"objectid":"4md8866b-418f-8901-6kt5-2575tc528yom"}
{"time_stamp":1554133563257,"model":"yorahe","location":[-16.14801122024189,-39.8224683037681],"sensor_value":333,"sensor_type":10,"objectid":"1zw3580z-642z-2388-8tu5-1592pb140erw"}
{"time_stamp":1554133707291,"model":"sfevvf","location":[36.58288550596153,30.991548274706666],"sensor_value":711,"sensor_type":5,"objectid":"1kg1428j-494i-2809-9xd1-8834jv956vci"}
{"time_stamp":1554133745301,"model":"whuubu","location":[25.20376790495179,28.63176153286051],"sensor_value":707,"sensor_type":10,"objectid":"6px1812u-796b-5532-7wl6-1288xg743ksc"}
{"time_stamp":1554133029091,"model":"dduobg","location":[-136.9464657835698,-22.5205385450594],"sensor_value":381,"sensor_type":4,"objectid":"6nu7869i-195o-7449-8pm4-8491es637cdo"}
{"time_stamp":1554133035098,"model":"xhwmxc","location":[128.36555864062964,42.87945574879785],"sensor_value":598,"sensor_type":1,"objectid":"5fd9874p-992b-2817-2dc5-1564xf913svk"}
{"time_stamp":1554133067112,"model":"mwkqdf","location":[-170.21594120133443,33.24918380294192],"sensor_value":794,"sensor_type":7,"objectid":"2tm3682a-424v-7570-4wz5-9533mi890zqn"}
{"time_stamp":1554133152137,"model":"lefglt","location":[165.8701164859329,-62.022449769063996],"sensor_value":102,"sensor_type":5,